"Country or Area","Commodity - Transaction","Year","Unit","Quantity","Quantity Footnotes"
"Colombia","Electricity - Gross production","2018","Kilowatt-hours, million","79964",""
"Colombia","Electricity - Gross production","2017","Kilowatt-hours, million","79279",""
"Colombia","Electricity - Gross production","2016","Kilowatt-hours, million","76800",""
"Colombia","Electricity - Gross production","2015","Kilowatt-hours, million","78596",""
"Colombia","Electricity - Gross production","2014","Kilowatt-hours, million","71072",""
"Colombia","Electricity - Gross production","2013","Kilowatt-hours, million","74001",""
"Colombia","Electricity - Gross production","2012","Kilowatt-hours, million","68344",""
"Colombia","Electricity - Gross production","2011","Kilowatt-hours, million","66472",""
"Colombia","Electricity - Gross production","2010","Kilowatt-hours, million","60234",""
"Colombia","Electricity - Gross production","2009","Kilowatt-hours, million","62574",""
"Colombia","Electricity - Gross production","2008","Kilowatt-hours, million","61192",""
"Colombia","Electricity - Gross production","2007","Kilowatt-hours, million","55314",""
"Colombia","Electricity - Gross production","2006","Kilowatt-hours, million","53852",""
"Colombia","Electricity - Gross production","2005","Kilowatt-hours, million","50411.59",""
"Colombia","Electricity - Gross production","2004","Kilowatt-hours, million","50228",""
"Colombia","Electricity - Gross production","2003","Kilowatt-hours, million","47682",""
"Colombia","Electricity - Gross production","2002","Kilowatt-hours, million","45242",""
"Colombia","Electricity - Gross production","2001","Kilowatt-hours, million","43684",""
"Colombia","Electricity - Gross production","2000","Kilowatt-hours, million","43943",""
"Colombia","Electricity - Gross production","1999","Kilowatt-hours, million","44139",""
"Colombia","Electricity - Gross production","1998","Kilowatt-hours, million","45960",""
"Colombia","Electricity - Gross production","1997","Kilowatt-hours, million","46378",""
"Colombia","Electricity - Gross production","1996","Kilowatt-hours, million","44866",""
"Colombia","Electricity - Gross production","1995","Kilowatt-hours, million","45246",""
"Colombia","Electricity - Gross production","1994","Kilowatt-hours, million","43040",""
"Colombia","Electricity - Gross production","1993","Kilowatt-hours, million","40221",""
"Colombia","Electricity - Gross production","1992","Kilowatt-hours, million","35064",""
"Colombia","Electricity - Gross production","1991","Kilowatt-hours, million","36661","1"
"Colombia","Electricity - Gross production","1990","Kilowatt-hours, million","36166",""
"Colombia","From combustible fuels – Main activity","2018","Kilowatt-hours, million","9882",""
"Colombia","From combustible fuels – Main activity","2017","Kilowatt-hours, million","8645",""
"Colombia","From combustible fuels – Main activity","2016","Kilowatt-hours, million","18493",""
"Colombia","From combustible fuels – Main activity","2015","Kilowatt-hours, million","21176",""
"Colombia","From combustible fuels – Main activity","2014","Kilowatt-hours, million","15664",""
"Colombia","From combustible fuels – Main activity","2013","Kilowatt-hours, million","17141",""
"Colombia","From combustible fuels – Main activity","2012","Kilowatt-hours, million","17031",""
"Colombia","From combustible fuels – Main activity","2011","Kilowatt-hours, million","14079",""
"Colombia","From combustible fuels – Main activity","2010","Kilowatt-hours, million","16452",""
"Colombia","From combustible fuels – Main activity","2009","Kilowatt-hours, million","18526",""
"Colombia","From combustible fuels – Main activity","2008","Kilowatt-hours, million","12103",""
"Colombia","From combustible fuels – Main activity","2007","Kilowatt-hours, million","9111",""
"Colombia","From combustible fuels – Main activity","2006","Kilowatt-hours, million","9543",""
"Colombia","From combustible fuels – Main activity","2005","Kilowatt-hours, million","9279",""
"Colombia","From combustible fuels – Main activity","2004","Kilowatt-hours, million","8663",""
"Colombia","From combustible fuels – Main activity","2003","Kilowatt-hours, million","9401",""
"Colombia","From combustible fuels – Main activity","2002","Kilowatt-hours, million","9511",""
"Colombia","From combustible fuels – Main activity","2001","Kilowatt-hours, million","10126","1"
"Colombia","From combustible fuels – Main activity","2000","Kilowatt-hours, million","10110",""
"Colombia","From combustible fuels – Main activity","1999","Kilowatt-hours, million","8657",""
"Colombia","From combustible fuels – Main activity","1998","Kilowatt-hours, million","13387",""
"Colombia","From combustible fuels – Main activity","1997","Kilowatt-hours, million","12650",""
"Colombia","From combustible fuels – Main activity","1996","Kilowatt-hours, million","7366",""
"Colombia","From combustible fuels – Main activity","1995","Kilowatt-hours, million","9756",""
"Colombia","From combustible fuels – Main activity","1994","Kilowatt-hours, million","7649",""
"Colombia","From combustible fuels – Main activity","1993","Kilowatt-hours, million","8987",""
"Colombia","From combustible fuels – Main activity","1992","Kilowatt-hours, million","9200",""
"Colombia","From combustible fuels – Main activity","1991","Kilowatt-hours, million","7868","1"
"Colombia","From combustible fuels – Main activity","1990","Kilowatt-hours, million","6330",""
"Colombia","From combustible fuels – Main activity – CHP plants","2012","Kilowatt-hours, million","4965",""
"Colombia","From combustible fuels – Main activity – CHP plants","2011","Kilowatt-hours, million","4718",""
"Colombia","From combustible fuels – Main activity – CHP plants","2010","Kilowatt-hours, million","4474",""
"Colombia","From combustible fuels – Main activity – CHP plants","2009","Kilowatt-hours, million","4233",""
"Colombia","From combustible fuels – Main activity – CHP plants","2008","Kilowatt-hours, million","3994",""
"Colombia","From combustible fuels – Main activity – Electricity plants","2018","Kilowatt-hours, million","9882",""
"Colombia","From combustible fuels – Main activity – Electricity plants","2017","Kilowatt-hours, million","8645",""
"Colombia","From combustible fuels – Main activity – Electricity plants","2016","Kilowatt-hours, million","18493",""
"Colombia","From combustible fuels – Main activity – Electricity plants","2015","Kilowatt-hours, million","21176",""
"Colombia","From combustible fuels – Main activity – Electricity plants","2014","Kilowatt-hours, million","15664",""
"Colombia","From combustible fuels – Main activity – Electricity plants","2013","Kilowatt-hours, million","17141",""
"Colombia","From combustible fuels – Main activity – Electricity plants","2012","Kilowatt-hours, million","12066",""
"Colombia","From combustible fuels – Main activity – Electricity plants","2011","Kilowatt-hours, million","9361",""
"Colombia","From combustible fuels – Main activity – Electricity plants","2010","Kilowatt-hours, million","11978",""
"Colombia","From combustible fuels – Main activity – Electricity plants","2009","Kilowatt-hours, million","14293",""
"Colombia","From combustible fuels – Main activity – Electricity plants","2008","Kilowatt-hours, million","8109",""
"Colombia","From combustible fuels – Main activity – Electricity plants","2007","Kilowatt-hours, million","9111",""
"Colombia","Hydro – Main activity","2018","Kilowatt-hours, million","59772",""
"Colombia","Hydro – Main activity","2017","Kilowatt-hours, million","61286",""
"Colombia","Hydro – Main activity","2016","Kilowatt-hours, million","48966",""
"Colombia","Hydro – Main activity","2015","Kilowatt-hours, million","48451",""
"Colombia","Hydro – Main activity","2014","Kilowatt-hours, million","47731",""
"Colombia","Hydro – Main activity","2013","Kilowatt-hours, million","50139",""
"Colombia","Hydro – Main activity","2012","Kilowatt-hours, million","47468",""
"Colombia","Hydro – Main activity","2011","Kilowatt-hours, million","48761",""
"Colombia","Hydro – Main activity","2010","Kilowatt-hours, million","40304",""
"Colombia","Hydro – Main activity","2009","Kilowatt-hours, million","40773",""
"Colombia","Hydro – Main activity","2008","Kilowatt-hours, million","46050",""
"Colombia","Hydro – Main activity","2007","Kilowatt-hours, million","44214",""
"Colombia","Hydro – Main activity","2006","Kilowatt-hours, million","42523",""
"Colombia","Hydro – Main activity","2005","Kilowatt-hours, million","39576.11",""
"Colombia","Hydro – Main activity","2004","Kilowatt-hours, million","39793",""
"Colombia","Hydro – Main activity","2003","Kilowatt-hours, million","35953",""
"Colombia","Hydro – Main activity","2002","Kilowatt-hours, million","33747",""
"Colombia","Hydro – Main activity","2001","Kilowatt-hours, million","31577",""
"Colombia","Hydro – Main activity","2000","Kilowatt-hours, million","31853",""
"Colombia","Hydro – Main activity","1999","Kilowatt-hours, million","33520",""
"Colombia","Hydro – Main activity","1998","Kilowatt-hours, million","30559",""
"Colombia","Hydro – Main activity","1997","Kilowatt-hours, million","31463",""
"Colombia","Hydro – Main activity","1996","Kilowatt-hours, million","35272",""
"Colombia","Hydro – Main activity","1995","Kilowatt-hours, million","31942",""
"Colombia","Hydro – Main activity","1994","Kilowatt-hours, million","31841",""
"Colombia","Hydro – Main activity","1993","Kilowatt-hours, million","27639",""
"Colombia","Hydro – Main activity","1992","Kilowatt-hours, million","22039",""
"Colombia","Hydro – Main activity","1991","Kilowatt-hours, million","27323","1"
"Colombia","Hydro – Main activity","1990","Kilowatt-hours, million","27358",""
"Colombia","Solar – Main activity","2018","Kilowatt-hours, million","12",""
"Colombia","Solar – Main activity","2017","Kilowatt-hours, million","5",""
"Colombia","Solar photovoltaic – Main activity","2018","Kilowatt-hours, million","12",""
"Colombia","Solar photovoltaic – Main activity","2017","Kilowatt-hours, million","5",""
"Colombia","Wind – Main activity","2018","Kilowatt-hours, million","43",""
"Colombia","Wind – Main activity","2017","Kilowatt-hours, million","3",""
"Colombia","Wind – Main activity","2016","Kilowatt-hours, million","51",""
"Colombia","Wind – Main activity","2015","Kilowatt-hours, million","68",""
"Colombia","Wind – Main activity","2014","Kilowatt-hours, million","70",""
"Colombia","Wind – Main activity","2013","Kilowatt-hours, million","58",""
"Colombia","Wind – Main activity","2012","Kilowatt-hours, million","55",""
"Colombia","Wind – Main activity","2011","Kilowatt-hours, million","41",""
"Colombia","Wind – Main activity","2010","Kilowatt-hours, million","38",""
"Colombia","Wind – Main activity","2009","Kilowatt-hours, million","58",""
"Colombia","Wind – Main activity","2008","Kilowatt-hours, million","0",""
"Colombia","Wind – Main activity","2007","Kilowatt-hours, million","49",""
"Colombia","Wind – Main activity","2006","Kilowatt-hours, million","63",""
"Colombia","Wind – Main activity","2005","Kilowatt-hours, million","49.48",""
"Colombia","Wind – Main activity","2004","Kilowatt-hours, million","52",""
"Colombia","Wind – Main activity","2003","Kilowatt-hours, million","0",""
"Colombia","Wind – Main activity","2002","Kilowatt-hours, million","0",""
"Colombia","From combustible fuels – Autoproducer","2018","Kilowatt-hours, million","10085",""
"Colombia","From combustible fuels – Autoproducer","2017","Kilowatt-hours, million","9183",""
"Colombia","From combustible fuels – Autoproducer","2016","Kilowatt-hours, million","9151",""
"Colombia","From combustible fuels – Autoproducer","2015","Kilowatt-hours, million","8775",""
"Colombia","From combustible fuels – Autoproducer","2014","Kilowatt-hours, million","7459",""
"Colombia","From combustible fuels – Autoproducer","2013","Kilowatt-hours, million","6534",""
"Colombia","From combustible fuels – Autoproducer","2012","Kilowatt-hours, million","3658",""
"Colombia","From combustible fuels – Autoproducer","2011","Kilowatt-hours, million","3435",""
"Colombia","From combustible fuels – Autoproducer","2010","Kilowatt-hours, million","3217",""
"Colombia","From combustible fuels – Autoproducer","2009","Kilowatt-hours, million","3004",""
"Colombia","From combustible fuels – Autoproducer","2008","Kilowatt-hours, million","2797",""
"Colombia","From combustible fuels – Autoproducer","2007","Kilowatt-hours, million","1709",""
"Colombia","From combustible fuels – Autoproducer","2006","Kilowatt-hours, million","1504",""
"Colombia","From combustible fuels – Autoproducer","2005","Kilowatt-hours, million","1280",""
"Colombia","From combustible fuels – Autoproducer","2004","Kilowatt-hours, million","1457",""
"Colombia","From combustible fuels – Autoproducer","2003","Kilowatt-hours, million","2065",""
"Colombia","From combustible fuels – Autoproducer","2002","Kilowatt-hours, million","1763","1"
"Colombia","From combustible fuels – Autoproducer","2001","Kilowatt-hours, million","1760","1"
"Colombia","From combustible fuels – Autoproducer","2000","Kilowatt-hours, million","1759",""
"Colombia","From combustible fuels – Autoproducer","1999","Kilowatt-hours, million","1741",""
"Colombia","From combustible fuels – Autoproducer","1998","Kilowatt-hours, million","1791",""
"Colombia","From combustible fuels – Autoproducer","1997","Kilowatt-hours, million","2001",""
"Colombia","From combustible fuels – Autoproducer","1996","Kilowatt-hours, million","1967",""
"Colombia","From combustible fuels – Autoproducer","1995","Kilowatt-hours, million","3288",""
"Colombia","From combustible fuels – Autoproducer","1994","Kilowatt-hours, million","3280",""
"Colombia","From combustible fuels – Autoproducer","1993","Kilowatt-hours, million","3336",""
"Colombia","From combustible fuels – Autoproducer","1992","Kilowatt-hours, million","3538",""
"Colombia","From combustible fuels – Autoproducer","1991","Kilowatt-hours, million","1308",""
"Colombia","From combustible fuels – Autoproducer","1990","Kilowatt-hours, million","2313",""
"Colombia","From combustible fuels – Autoproducer – Electricity plants","2018","Kilowatt-hours, million","10085",""
"Colombia","From combustible fuels – Autoproducer – Electricity plants","2017","Kilowatt-hours, million","9183",""
"Colombia","From combustible fuels – Autoproducer – Electricity plants","2016","Kilowatt-hours, million","9151",""
"Colombia","From combustible fuels – Autoproducer – Electricity plants","2015","Kilowatt-hours, million","8775",""
"Colombia","From combustible fuels – Autoproducer – Electricity plants","2014","Kilowatt-hours, million","7459",""
"Colombia","From combustible fuels – Autoproducer – Electricity plants","2013","Kilowatt-hours, million","6534",""
"Colombia","From combustible fuels – Autoproducer – Electricity plants","2012","Kilowatt-hours, million","3658",""
"Colombia","From combustible fuels – Autoproducer – Electricity plants","2011","Kilowatt-hours, million","3435",""
"Colombia","From combustible fuels – Autoproducer – Electricity plants","2010","Kilowatt-hours, million","3217",""
"Colombia","From combustible fuels – Autoproducer – Electricity plants","2009","Kilowatt-hours, million","3004",""
"Colombia","From combustible fuels – Autoproducer – Electricity plants","2008","Kilowatt-hours, million","2797",""
"Colombia","From combustible fuels – Autoproducer – Electricity plants","2007","Kilowatt-hours, million","1709",""
"Colombia","Hydro – Autoproducer","2018","Kilowatt-hours, million","161",""
"Colombia","Hydro – Autoproducer","2017","Kilowatt-hours, million","148",""
"Colombia","Hydro – Autoproducer","2016","Kilowatt-hours, million","130",""
"Colombia","Hydro – Autoproducer","2015","Kilowatt-hours, million","117",""
"Colombia","Hydro – Autoproducer","2014","Kilowatt-hours, million","139",""
"Colombia","Hydro – Autoproducer","2013","Kilowatt-hours, million","121",""
"Colombia","Hydro – Autoproducer","2012","Kilowatt-hours, million","132",""
"Colombia","Hydro – Autoproducer","2011","Kilowatt-hours, million","156",""
"Colombia","Hydro – Autoproducer","2010","Kilowatt-hours, million","223",""
"Colombia","Hydro – Autoproducer","2009","Kilowatt-hours, million","213",""
"Colombia","Hydro – Autoproducer","2008","Kilowatt-hours, million","242",""
"Colombia","Hydro – Autoproducer","2007","Kilowatt-hours, million","231",""
"Colombia","Hydro – Autoproducer","2006","Kilowatt-hours, million","219",""
"Colombia","Hydro – Autoproducer","2005","Kilowatt-hours, million","227",""
"Colombia","Hydro – Autoproducer","2004","Kilowatt-hours, million","263",""
"Colombia","Hydro – Autoproducer","2003","Kilowatt-hours, million","263",""
"Colombia","Hydro – Autoproducer","2002","Kilowatt-hours, million","221",""
"Colombia","Hydro – Autoproducer","2001","Kilowatt-hours, million","221",""
"Colombia","Hydro – Autoproducer","2000","Kilowatt-hours, million","221",""
"Colombia","Hydro – Autoproducer","1999","Kilowatt-hours, million","221",""
"Colombia","Hydro – Autoproducer","1998","Kilowatt-hours, million","223",""
"Colombia","Hydro – Autoproducer","1997","Kilowatt-hours, million","264",""
"Colombia","Hydro – Autoproducer","1996","Kilowatt-hours, million","261",""
"Colombia","Hydro – Autoproducer","1995","Kilowatt-hours, million","260",""
"Colombia","Hydro – Autoproducer","1994","Kilowatt-hours, million","270",""
"Colombia","Hydro – Autoproducer","1993","Kilowatt-hours, million","259",""
"Colombia","Hydro – Autoproducer","1992","Kilowatt-hours, million","287",""
"Colombia","Hydro – Autoproducer","1991","Kilowatt-hours, million","162",""
"Colombia","Hydro – Autoproducer","1990","Kilowatt-hours, million","165",""
"Colombia","Solar – Autoproducer","2018","Kilowatt-hours, million","9",""
"Colombia","Solar – Autoproducer","2017","Kilowatt-hours, million","9",""
"Colombia","Solar – Autoproducer","2016","Kilowatt-hours, million","9",""
"Colombia","Solar – Autoproducer","2015","Kilowatt-hours, million","9",""
"Colombia","Solar – Autoproducer","2014","Kilowatt-hours, million","9",""
"Colombia","Solar – Autoproducer","2013","Kilowatt-hours, million","8",""
"Colombia","Solar photovoltaic – Autoproducer","2018","Kilowatt-hours, million","9",""
"Colombia","Solar photovoltaic – Autoproducer","2017","Kilowatt-hours, million","9",""
"Colombia","Solar photovoltaic – Autoproducer","2016","Kilowatt-hours, million","9",""
"Colombia","Solar photovoltaic – Autoproducer","2015","Kilowatt-hours, million","9",""
"Colombia","Solar photovoltaic – Autoproducer","2014","Kilowatt-hours, million","9",""
"Colombia","Solar photovoltaic – Autoproducer","2013","Kilowatt-hours, million","8",""
"Colombia","Electricity - net production","2018","Kilowatt-hours, million","77844",""
"Colombia","Electricity - net production","2017","Kilowatt-hours, million","77234",""
"Colombia","Electricity - net production","2016","Kilowatt-hours, million","74773",""
"Colombia","Electricity - net production","2015","Kilowatt-hours, million","76550",""
"Colombia","Electricity - net production","2014","Kilowatt-hours, million","69095",""
"Colombia","Electricity - net production","2013","Kilowatt-hours, million","72089",""
"Colombia","Electricity - net production","2012","Kilowatt-hours, million","66500",""
"Colombia","Electricity - net production","2011","Kilowatt-hours, million","64670",""
"Colombia","Electricity - net production","2010","Kilowatt-hours, million","58485",""
"Colombia","Electricity - net production","2009","Kilowatt-hours, million","60854",""
"Colombia","Electricity - net production","2008","Kilowatt-hours, million","59520",""
"Colombia","Electricity - net production","2007","Kilowatt-hours, million","54080",""
"Colombia","Electricity - net production","2006","Kilowatt-hours, million","52806",""
"Colombia","Electricity - net production","2005","Kilowatt-hours, million","49429.68",""
"Colombia","Electricity - net production","2004","Kilowatt-hours, million","49258",""
"Colombia","Electricity - net production","2003","Kilowatt-hours, million","46889",""
"Colombia","Electricity - net production","2002","Kilowatt-hours, million","44368",""
"Colombia","Electricity - net production","2001","Kilowatt-hours, million","42843",""
"Colombia","Electricity - net production","2000","Kilowatt-hours, million","43192",""
"Colombia","Electricity - net production","1999","Kilowatt-hours, million","43399",""
"Colombia","Electricity - net production","1998","Kilowatt-hours, million","45081",""
"Colombia","Electricity - net production","1997","Kilowatt-hours, million","45610",""
"Colombia","Electricity - net production","1996","Kilowatt-hours, million","44163",""
"Colombia","Electricity - net production","1995","Kilowatt-hours, million","44398",""
"Colombia","Electricity - net production","1994","Kilowatt-hours, million","42335",""
"Colombia","Electricity - net production","1993","Kilowatt-hours, million","39423",""
"Colombia","Electricity - net production","1992","Kilowatt-hours, million","34227",""
"Colombia","Electricity - net production","1991","Kilowatt-hours, million","35194",""
"Colombia","Electricity - net production","1990","Kilowatt-hours, million","34717",""
"Colombia","Electricity - imports","2018","Kilowatt-hours, million","122",""
"Colombia","Electricity - imports","2017","Kilowatt-hours, million","78",""
"Colombia","Electricity - imports","2016","Kilowatt-hours, million","378",""
"Colombia","Electricity - imports","2015","Kilowatt-hours, million","45",""
"Colombia","Electricity - imports","2014","Kilowatt-hours, million","47",""
"Colombia","Electricity - imports","2013","Kilowatt-hours, million","29",""
"Colombia","Electricity - imports","2012","Kilowatt-hours, million","7",""
"Colombia","Electricity - imports","2011","Kilowatt-hours, million","8",""
"Colombia","Electricity - imports","2010","Kilowatt-hours, million","10",""
"Colombia","Electricity - imports","2009","Kilowatt-hours, million","21",""
"Colombia","Electricity - imports","2008","Kilowatt-hours, million","37",""
"Colombia","Electricity - imports","2007","Kilowatt-hours, million","39",""
"Colombia","Electricity - imports","2006","Kilowatt-hours, million","21",""
"Colombia","Electricity - imports","2005","Kilowatt-hours, million","16.02",""
"Colombia","Electricity - imports","2004","Kilowatt-hours, million","48",""
"Colombia","Electricity - imports","2003","Kilowatt-hours, million","69",""
"Colombia","Electricity - imports","2002","Kilowatt-hours, million","8",""
"Colombia","Electricity - imports","2001","Kilowatt-hours, million","40",""
"Colombia","Electricity - imports","2000","Kilowatt-hours, million","77",""
"Colombia","Electricity - imports","1999","Kilowatt-hours, million","33",""
"Colombia","Electricity - imports","1998","Kilowatt-hours, million","85",""
"Colombia","Electricity - imports","1997","Kilowatt-hours, million","199",""
"Colombia","Electricity - imports","1996","Kilowatt-hours, million","164",""
"Colombia","Electricity - imports","1995","Kilowatt-hours, million","370",""
"Colombia","Electricity - imports","1994","Kilowatt-hours, million","280",""
"Colombia","Electricity - imports","1993","Kilowatt-hours, million","303",""
"Colombia","Electricity - imports","1992","Kilowatt-hours, million","348",""
"Colombia","Electricity - imports","1991","Kilowatt-hours, million","0",""
"Colombia","Electricity - imports","1990","Kilowatt-hours, million","278",""
"Colombia","Electricity - exports","2018","Kilowatt-hours, million","16",""
"Colombia","Electricity - exports","2017","Kilowatt-hours, million","9",""
"Colombia","Electricity - exports","2016","Kilowatt-hours, million","45",""
"Colombia","Electricity - exports","2015","Kilowatt-hours, million","460",""
"Colombia","Electricity - exports","2014","Kilowatt-hours, million","849",""
"Colombia","Electricity - exports","2013","Kilowatt-hours, million","1377",""
"Colombia","Electricity - exports","2012","Kilowatt-hours, million","713",""
"Colombia","Electricity - exports","2011","Kilowatt-hours, million","1540",""
"Colombia","Electricity - exports","2010","Kilowatt-hours, million","796",""
"Colombia","Electricity - exports","2009","Kilowatt-hours, million","1074",""
"Colombia","Electricity - exports","2008","Kilowatt-hours, million","610",""
"Colombia","Electricity - exports","2007","Kilowatt-hours, million","877",""
"Colombia","Electricity - exports","2006","Kilowatt-hours, million","1813",""
"Colombia","Electricity - exports","2005","Kilowatt-hours, million","1757.87",""
"Colombia","Electricity - exports","2004","Kilowatt-hours, million","1682",""
"Colombia","Electricity - exports","2003","Kilowatt-hours, million","1182",""
"Colombia","Electricity - exports","2002","Kilowatt-hours, million","618",""
"Colombia","Electricity - exports","2001","Kilowatt-hours, million","210",""
"Colombia","Electricity - exports","2000","Kilowatt-hours, million","37",""
"Colombia","Electricity - exports","1999","Kilowatt-hours, million","27",""
"Colombia","Electricity - exports","1998","Kilowatt-hours, million","64",""
"Colombia","Electricity - exports","1997","Kilowatt-hours, million","0",""
"Colombia","Electricity - exports","1996","Kilowatt-hours, million","0",""
"Colombia","Electricity - exports","1995","Kilowatt-hours, million","0",""
"Colombia","Electricity - exports","1994","Kilowatt-hours, million","0",""
"Colombia","Electricity - exports","1993","Kilowatt-hours, million","0",""
"Colombia","Electricity - exports","1992","Kilowatt-hours, million","0",""
"Colombia","Electricity - exports","1991","Kilowatt-hours, million","0",""
"Colombia","Electricity - exports","1990","Kilowatt-hours, million","0",""
"Colombia","Electricity - Energy industries own use","2018","Kilowatt-hours, million","6252",""
"Colombia","Electricity - Energy industries own use","2017","Kilowatt-hours, million","5859",""
"Colombia","Electricity - Energy industries own use","2016","Kilowatt-hours, million","5602",""
"Colombia","Electricity - Energy industries own use","2015","Kilowatt-hours, million","5589",""
"Colombia","Electricity - Energy industries own use","2014","Kilowatt-hours, million","5488",""
"Colombia","Electricity - Energy industries own use","2013","Kilowatt-hours, million","5369",""
"Colombia","Electricity - Own use by oil and gas extraction","2018","Kilowatt-hours, million","5332",""
"Colombia","Electricity - Own use by oil and gas extraction","2017","Kilowatt-hours, million","5100",""
"Colombia","Electricity - Own use by oil and gas extraction","2016","Kilowatt-hours, million","4771",""
"Colombia","Electricity - Own use by oil and gas extraction","2015","Kilowatt-hours, million","4679",""
"Colombia","Electricity - Own use by oil and gas extraction","2014","Kilowatt-hours, million","4587",""
"Colombia","Electricity - Own use by oil and gas extraction","2013","Kilowatt-hours, million","4463",""
"Colombia","Electricity - Own use by oil refineries","2018","Kilowatt-hours, million","920",""
"Colombia","Electricity - Own use by oil refineries","2017","Kilowatt-hours, million","759",""
"Colombia","Electricity - Own use by oil refineries","2016","Kilowatt-hours, million","831",""
"Colombia","Electricity - Own use by oil refineries","2015","Kilowatt-hours, million","910",""
"Colombia","Electricity - Own use by oil refineries","2014","Kilowatt-hours, million","901",""
"Colombia","Electricity - Own use by oil refineries","2013","Kilowatt-hours, million","906",""
"Colombia","Electricity - Own use by electricity, heat and CHP plants","2018","Kilowatt-hours, million","2120",""
"Colombia","Electricity - Own use by electricity, heat and CHP plants","2017","Kilowatt-hours, million","2045",""
"Colombia","Electricity - Own use by electricity, heat and CHP plants","2016","Kilowatt-hours, million","2027",""
"Colombia","Electricity - Own use by electricity, heat and CHP plants","2015","Kilowatt-hours, million","2046",""
"Colombia","Electricity - Own use by electricity, heat and CHP plants","2014","Kilowatt-hours, million","1977",""
"Colombia","Electricity - Own use by electricity, heat and CHP plants","2013","Kilowatt-hours, million","1912",""
"Colombia","Electricity - Own use by electricity, heat and CHP plants","2012","Kilowatt-hours, million","1844",""
"Colombia","Electricity - Own use by electricity, heat and CHP plants","2011","Kilowatt-hours, million","1802",""
"Colombia","Electricity - Own use by electricity, heat and CHP plants","2010","Kilowatt-hours, million","1749",""
"Colombia","Electricity - Own use by electricity, heat and CHP plants","2009","Kilowatt-hours, million","1720",""
"Colombia","Electricity - Own use by electricity, heat and CHP plants","2008","Kilowatt-hours, million","1672",""
"Colombia","Electricity - Own use by electricity, heat and CHP plants","2007","Kilowatt-hours, million","1234",""
"Colombia","Electricity - Own use by electricity, heat and CHP plants","2006","Kilowatt-hours, million","1046",""
"Colombia","Electricity - Own use by electricity, heat and CHP plants","2005","Kilowatt-hours, million","981.910000000003",""
"Colombia","Electricity - Own use by electricity, heat and CHP plants","2004","Kilowatt-hours, million","970",""
"Colombia","Electricity - Own use by electricity, heat and CHP plants","2003","Kilowatt-hours, million","793",""
"Colombia","Electricity - Own use by electricity, heat and CHP plants","2002","Kilowatt-hours, million","874",""
"Colombia","Electricity - Own use by electricity, heat and CHP plants","2001","Kilowatt-hours, million","841",""
"Colombia","Electricity - Own use by electricity, heat and CHP plants","2000","Kilowatt-hours, million","751",""
"Colombia","Electricity - Own use by electricity, heat and CHP plants","1999","Kilowatt-hours, million","740",""
"Colombia","Electricity - Own use by electricity, heat and CHP plants","1998","Kilowatt-hours, million","879",""
"Colombia","Electricity - Own use by electricity, heat and CHP plants","1997","Kilowatt-hours, million","768",""
"Colombia","Electricity - Own use by electricity, heat and CHP plants","1996","Kilowatt-hours, million","703",""
"Colombia","Electricity - Own use by electricity, heat and CHP plants","1995","Kilowatt-hours, million","848",""
"Colombia","Electricity - Own use by electricity, heat and CHP plants","1994","Kilowatt-hours, million","705",""
"Colombia","Electricity - Own use by electricity, heat and CHP plants","1993","Kilowatt-hours, million","798",""
"Colombia","Electricity - Own use by electricity, heat and CHP plants","1992","Kilowatt-hours, million","837",""
"Colombia","Electricity - Own use by electricity, heat and CHP plants","1991","Kilowatt-hours, million","1467",""
"Colombia","Electricity - Own use by electricity, heat and CHP plants","1990","Kilowatt-hours, million","1449",""
"Colombia","Electricity - Losses","2018","Kilowatt-hours, million","8155",""
"Colombia","Electricity - Losses","2017","Kilowatt-hours, million","5560",""
"Colombia","Electricity - Losses","2016","Kilowatt-hours, million","7000",""
"Colombia","Electricity - Losses","2015","Kilowatt-hours, million","7118",""
"Colombia","Electricity - Losses","2014","Kilowatt-hours, million","5850",""
"Colombia","Electricity - Losses","2013","Kilowatt-hours, million","5262",""
"Colombia","Electricity - Losses","2012","Kilowatt-hours, million","7700",""
"Colombia","Electricity - Losses","2011","Kilowatt-hours, million","7412",""
"Colombia","Electricity - Losses","2010","Kilowatt-hours, million","9115",""
"Colombia","Electricity - Losses","2009","Kilowatt-hours, million","8387",""
"Colombia","Electricity - Losses","2008","Kilowatt-hours, million","11173",""
"Colombia","Electricity - Losses","2007","Kilowatt-hours, million","11148",""
"Colombia","Electricity - Losses","2006","Kilowatt-hours, million","10455",""
"Colombia","Electricity - Losses","2005","Kilowatt-hours, million","9819.1",""
"Colombia","Electricity - Losses","2004","Kilowatt-hours, million","9704",""
"Colombia","Electricity - Losses","2003","Kilowatt-hours, million","9071",""
"Colombia","Electricity - Losses","2002","Kilowatt-hours, million","8737",""
"Colombia","Electricity - Losses","2001","Kilowatt-hours, million","9676",""
"Colombia","Electricity - Losses","2000","Kilowatt-hours, million","10493",""
"Colombia","Electricity - Losses","1999","Kilowatt-hours, million","10547",""
"Colombia","Electricity - Losses","1998","Kilowatt-hours, million","10610",""
"Colombia","Electricity - Losses","1997","Kilowatt-hours, million","10183",""
"Colombia","Electricity - Losses","1996","Kilowatt-hours, million","9743",""
"Colombia","Electricity - Losses","1995","Kilowatt-hours, million","9561",""
"Colombia","Electricity - Losses","1994","Kilowatt-hours, million","9138",""
"Colombia","Electricity - Losses","1993","Kilowatt-hours, million","8234",""
"Colombia","Electricity - Losses","1992","Kilowatt-hours, million","6487",""
"Colombia","Electricity - Losses","1991","Kilowatt-hours, million","7735",""
"Colombia","Electricity - Losses","1990","Kilowatt-hours, million","7705",""
"Colombia","Electricity - Final energy consumption","2018","Kilowatt-hours, million","61842",""
"Colombia","Electricity - Final energy consumption","2017","Kilowatt-hours, million","61575",""
"Colombia","Electricity - Final energy consumption","2016","Kilowatt-hours, million","60149",""
"Colombia","Electricity - Final energy consumption","2015","Kilowatt-hours, million","59858",""
"Colombia","Electricity - Final energy consumption","2014","Kilowatt-hours, million","58627",""
"Colombia","Electricity - Final energy consumption","2013","Kilowatt-hours, million","55926",""
"Colombia","Electricity - Final energy consumption","2012","Kilowatt-hours, million","59285",""
"Colombia","Electricity - Final energy consumption","2011","Kilowatt-hours, million","57845",""
"Colombia","Electricity - Final energy consumption","2010","Kilowatt-hours, million","54701",""
"Colombia","Electricity - Final energy consumption","2009","Kilowatt-hours, million","53425",""
"Colombia","Electricity - Final energy consumption","2008","Kilowatt-hours, million","49903",""
"Colombia","Electricity - Final energy consumption","2007","Kilowatt-hours, million","42185",""
"Colombia","Electricity - Final energy consumption","2006","Kilowatt-hours, million","40624",""
"Colombia","Electricity - Final energy consumption","2005","Kilowatt-hours, million","38938.98",""
"Colombia","Electricity - Final energy consumption","2004","Kilowatt-hours, million","38567",""
"Colombia","Electricity - Final energy consumption","2003","Kilowatt-hours, million","36517",""
"Colombia","Electricity - Final energy consumption","2002","Kilowatt-hours, million","35709",""
"Colombia","Electricity - Final energy consumption","2001","Kilowatt-hours, million","35190",""
"Colombia","Electricity - Final energy consumption","2000","Kilowatt-hours, million","33336",""
"Colombia","Electricity - Final energy consumption","1999","Kilowatt-hours, million","32054",""
"Colombia","Electricity - Final energy consumption","1998","Kilowatt-hours, million","34484",""
"Colombia","Electricity - Final energy consumption","1997","Kilowatt-hours, million","35381",""
"Colombia","Electricity - Final energy consumption","1996","Kilowatt-hours, million","33496",""
"Colombia","Electricity - Final energy consumption","1995","Kilowatt-hours, million","35245",""
"Colombia","Electricity - Final energy consumption","1994","Kilowatt-hours, million","33719",""
"Colombia","Electricity - Final energy consumption","1993","Kilowatt-hours, million","32025",""
"Colombia","Electricity - Final energy consumption","1992","Kilowatt-hours, million","29067",""
"Colombia","Electricity - Final energy consumption","1991","Kilowatt-hours, million","27459","1"
"Colombia","Electricity - Final energy consumption","1990","Kilowatt-hours, million","26379","1"
"Colombia","Electricity - Consumption by manufacturing, construction and non-fuel industry","2018","Kilowatt-hours, million","19958",""
"Colombia","Electricity - Consumption by manufacturing, construction and non-fuel industry","2017","Kilowatt-hours, million","19633",""
"Colombia","Electricity - Consumption by manufacturing, construction and non-fuel industry","2016","Kilowatt-hours, million","18932",""
"Colombia","Electricity - Consumption by manufacturing, construction and non-fuel industry","2015","Kilowatt-hours, million","18855",""
"Colombia","Electricity - Consumption by manufacturing, construction and non-fuel industry","2014","Kilowatt-hours, million","18964",""
"Colombia","Electricity - Consumption by manufacturing, construction and non-fuel industry","2013","Kilowatt-hours, million","18219",""
"Colombia","Electricity - Consumption by manufacturing, construction and non-fuel industry","2012","Kilowatt-hours, million","22626",""
"Colombia","Electricity - Consumption by manufacturing, construction and non-fuel industry","2011","Kilowatt-hours, million","22833",""
"Colombia","Electricity - Consumption by manufacturing, construction and non-fuel industry","2010","Kilowatt-hours, million","20436",""
"Colombia","Electricity - Consumption by manufacturing, construction and non-fuel industry","2009","Kilowatt-hours, million","20206",""
"Colombia","Electricity - Consumption by manufacturing, construction and non-fuel industry","2008","Kilowatt-hours, million","19501",""
"Colombia","Electricity - Consumption by manufacturing, construction and non-fuel industry","2007","Kilowatt-hours, million","13725",""
"Colombia","Electricity - Consumption by manufacturing, construction and non-fuel industry","2006","Kilowatt-hours, million","13185",""
"Colombia","Electricity - Consumption by manufacturing, construction and non-fuel industry","2005","Kilowatt-hours, million","12571.75",""
"Colombia","Electricity - Consumption by manufacturing, construction and non-fuel industry","2004","Kilowatt-hours, million","12301",""
"Colombia","Electricity - Consumption by manufacturing, construction and non-fuel industry","2003","Kilowatt-hours, million","11903",""
"Colombia","Electricity - Consumption by manufacturing, construction and non-fuel industry","2002","Kilowatt-hours, million","11412",""
"Colombia","Electricity - Consumption by manufacturing, construction and non-fuel industry","2001","Kilowatt-hours, million","11243",""
"Colombia","Electricity - Consumption by manufacturing, construction and non-fuel industry","2000","Kilowatt-hours, million","11419",""
"Colombia","Electricity - Consumption by manufacturing, construction and non-fuel industry","1999","Kilowatt-hours, million","9901",""
"Colombia","Electricity - Consumption by manufacturing, construction and non-fuel industry","1998","Kilowatt-hours, million","11968",""
"Colombia","Electricity - Consumption by manufacturing, construction and non-fuel industry","1997","Kilowatt-hours, million","11344",""
"Colombia","Electricity - Consumption by manufacturing, construction and non-fuel industry","1996","Kilowatt-hours, million","10418",""
"Colombia","Electricity - Consumption by manufacturing, construction and non-fuel industry","1995","Kilowatt-hours, million","10205",""
"Colombia","Electricity - Consumption by manufacturing, construction and non-fuel industry","1994","Kilowatt-hours, million","9845",""
"Colombia","Electricity - Consumption by manufacturing, construction and non-fuel industry","1993","Kilowatt-hours, million","8954",""
"Colombia","Electricity - Consumption by manufacturing, construction and non-fuel industry","1992","Kilowatt-hours, million","7695","1"
"Colombia","Electricity - Consumption by manufacturing, construction and non-fuel industry","1991","Kilowatt-hours, million","8285","1"
"Colombia","Electricity - Consumption by manufacturing, construction and non-fuel industry","1990","Kilowatt-hours, million","7957","1"
"Colombia","Electricity - Consumption by iron and steel","2018","Kilowatt-hours, million","2408",""
"Colombia","Electricity - Consumption by iron and steel","2017","Kilowatt-hours, million","2627",""
"Colombia","Electricity - Consumption by iron and steel","2016","Kilowatt-hours, million","2298",""
"Colombia","Electricity - Consumption by iron and steel","2015","Kilowatt-hours, million","2347",""
"Colombia","Electricity - Consumption by iron and steel","2014","Kilowatt-hours, million","2496",""
"Colombia","Electricity - Consumption by iron and steel","2013","Kilowatt-hours, million","2554",""
"Colombia","Electricity - Consumption by iron and steel","2012","Kilowatt-hours, million","3297",""
"Colombia","Electricity - Consumption by iron and steel","2011","Kilowatt-hours, million","3345",""
"Colombia","Electricity - Consumption by iron and steel","2010","Kilowatt-hours, million","2920",""
"Colombia","Electricity - Consumption by iron and steel","2009","Kilowatt-hours, million","2890",""
"Colombia","Electricity - Consumption by iron and steel","2008","Kilowatt-hours, million","2775",""
"Colombia","Electricity - Consumption by iron and steel","2007","Kilowatt-hours, million","2525",""
"Colombia","Electricity - Consumption by iron and steel","2006","Kilowatt-hours, million","2417",""
"Colombia","Electricity - Consumption by iron and steel","2005","Kilowatt-hours, million","2301.46",""
"Colombia","Electricity - Consumption by iron and steel","2004","Kilowatt-hours, million","2214",""
"Colombia","Electricity - Consumption by iron and steel","2003","Kilowatt-hours, million","2143",""
"Colombia","Electricity - Consumption by iron and steel","2002","Kilowatt-hours, million","2054",""
"Colombia","Electricity - Consumption by iron and steel","2001","Kilowatt-hours, million","2059",""
"Colombia","Electricity - Consumption by iron and steel","2000","Kilowatt-hours, million","2091",""
"Colombia","Electricity - Consumption by iron and steel","1999","Kilowatt-hours, million","1804",""
"Colombia","Electricity - Consumption by iron and steel","1998","Kilowatt-hours, million","2185",""
"Colombia","Electricity - Consumption by iron and steel","1997","Kilowatt-hours, million","2031",""
"Colombia","Electricity - Consumption by iron and steel","1996","Kilowatt-hours, million","1907",""
"Colombia","Electricity - Consumption by iron and steel","1995","Kilowatt-hours, million","1868",""
"Colombia","Electricity - Consumption by iron and steel","1994","Kilowatt-hours, million","1825",""
"Colombia","Electricity - Consumption by iron and steel","1993","Kilowatt-hours, million","1587",""
"Colombia","Electricity - Consumption by iron and steel","1992","Kilowatt-hours, million","1269",""
"Colombia","Electricity - Consumption by iron and steel","1991","Kilowatt-hours, million","1630","1"
"Colombia","Electricity - Consumption by iron and steel","1990","Kilowatt-hours, million","1567","1"
"Colombia","Electricity - Consumption by chemical and petrochemical","2018","Kilowatt-hours, million","2976",""
"Colombia","Electricity - Consumption by chemical and petrochemical","2017","Kilowatt-hours, million","3284",""
"Colombia","Electricity - Consumption by chemical and petrochemical","2016","Kilowatt-hours, million","2746",""
"Colombia","Electricity - Consumption by chemical and petrochemical","2015","Kilowatt-hours, million","2895",""
"Colombia","Electricity - Consumption by chemical and petrochemical","2014","Kilowatt-hours, million","2908",""
"Colombia","Electricity - Consumption by chemical and petrochemical","2013","Kilowatt-hours, million","2940",""
"Colombia","Electricity - Consumption by chemical and petrochemical","2012","Kilowatt-hours, million","4223",""
"Colombia","Electricity - Consumption by chemical and petrochemical","2011","Kilowatt-hours, million","4323",""
"Colombia","Electricity - Consumption by chemical and petrochemical","2010","Kilowatt-hours, million","3802",""
"Colombia","Electricity - Consumption by chemical and petrochemical","2009","Kilowatt-hours, million","3797",""
"Colombia","Electricity - Consumption by chemical and petrochemical","2008","Kilowatt-hours, million","3679",""
"Colombia","Electricity - Consumption by chemical and petrochemical","2007","Kilowatt-hours, million","2179",""
"Colombia","Electricity - Consumption by chemical and petrochemical","2006","Kilowatt-hours, million","2085",""
"Colombia","Electricity - Consumption by chemical and petrochemical","2005","Kilowatt-hours, million","1985.76",""
"Colombia","Electricity - Consumption by chemical and petrochemical","2004","Kilowatt-hours, million","1968",""
"Colombia","Electricity - Consumption by chemical and petrochemical","2003","Kilowatt-hours, million","1904",""
"Colombia","Electricity - Consumption by chemical and petrochemical","2002","Kilowatt-hours, million","1826",""
"Colombia","Electricity - Consumption by chemical and petrochemical","2001","Kilowatt-hours, million","1776",""
"Colombia","Electricity - Consumption by chemical and petrochemical","2000","Kilowatt-hours, million","1804",""
"Colombia","Electricity - Consumption by chemical and petrochemical","1999","Kilowatt-hours, million","1557",""
"Colombia","Electricity - Consumption by chemical and petrochemical","1998","Kilowatt-hours, million","1885",""
"Colombia","Electricity - Consumption by chemical and petrochemical","1997","Kilowatt-hours, million","1885",""
"Colombia","Electricity - Consumption by chemical and petrochemical","1996","Kilowatt-hours, million","1645",""
"Colombia","Electricity - Consumption by chemical and petrochemical","1995","Kilowatt-hours, million","1612",""
"Colombia","Electricity - Consumption by chemical and petrochemical","1994","Kilowatt-hours, million","1575",""
"Colombia","Electricity - Consumption by chemical and petrochemical","1993","Kilowatt-hours, million","1482",""
"Colombia","Electricity - Consumption by chemical and petrochemical","1992","Kilowatt-hours, million","1257",""
"Colombia","Electricity - Consumption by chemical and petrochemical","1991","Kilowatt-hours, million","2165","1"
"Colombia","Electricity - Consumption by chemical and petrochemical","1990","Kilowatt-hours, million","2078","1"
"Colombia","Electricity - Consumption by other manuf., const. and non-fuel ind.","2018","Kilowatt-hours, million","14574",""
"Colombia","Electricity - Consumption by other manuf., const. and non-fuel ind.","2017","Kilowatt-hours, million","13722",""
"Colombia","Electricity - Consumption by other manuf., const. and non-fuel ind.","2016","Kilowatt-hours, million","13888",""
"Colombia","Electricity - Consumption by other manuf., const. and non-fuel ind.","2015","Kilowatt-hours, million","13613",""
"Colombia","Electricity - Consumption by other manuf., const. and non-fuel ind.","2014","Kilowatt-hours, million","13560",""
"Colombia","Electricity - Consumption by other manuf., const. and non-fuel ind.","2013","Kilowatt-hours, million","12725",""
"Colombia","Electricity - Consumption by other manuf., const. and non-fuel ind.","2012","Kilowatt-hours, million","15106",""
"Colombia","Electricity - Consumption by other manuf., const. and non-fuel ind.","2011","Kilowatt-hours, million","15165",""
"Colombia","Electricity - Consumption by other manuf., const. and non-fuel ind.","2010","Kilowatt-hours, million","13714",""
"Colombia","Electricity - Consumption by other manuf., const. and non-fuel ind.","2009","Kilowatt-hours, million","13519",""
"Colombia","Electricity - Consumption by other manuf., const. and non-fuel ind.","2008","Kilowatt-hours, million","13047",""
"Colombia","Electricity - Consumption by other manuf., const. and non-fuel ind.","2007","Kilowatt-hours, million","9021",""
"Colombia","Electricity - Consumption by other manuf., const. and non-fuel ind.","2006","Kilowatt-hours, million","8683",""
"Colombia","Electricity - Consumption by other manuf., const. and non-fuel ind.","2005","Kilowatt-hours, million","8284.53",""
"Colombia","Electricity - Consumption by other manuf., const. and non-fuel ind.","2004","Kilowatt-hours, million","8119",""
"Colombia","Electricity - Consumption by other manuf., const. and non-fuel ind.","2003","Kilowatt-hours, million","7856",""
"Colombia","Electricity - Consumption by other manuf., const. and non-fuel ind.","2002","Kilowatt-hours, million","7532",""
"Colombia","Electricity - Consumption by other manuf., const. and non-fuel ind.","2001","Kilowatt-hours, million","7408",""
"Colombia","Electricity - Consumption by other manuf., const. and non-fuel ind.","2000","Kilowatt-hours, million","7524",""
"Colombia","Electricity - Consumption by other manuf., const. and non-fuel ind.","1999","Kilowatt-hours, million","6540",""
"Colombia","Electricity - Consumption by other manuf., const. and non-fuel ind.","1998","Kilowatt-hours, million","7898",""
"Colombia","Electricity - Consumption by other manuf., const. and non-fuel ind.","1997","Kilowatt-hours, million","7428",""
"Colombia","Electricity - Consumption by other manuf., const. and non-fuel ind.","1996","Kilowatt-hours, million","6866",""
"Colombia","Electricity - Consumption by other manuf., const. and non-fuel ind.","1995","Kilowatt-hours, million","6725",""
"Colombia","Electricity - Consumption by other manuf., const. and non-fuel ind.","1994","Kilowatt-hours, million","6445",""
"Colombia","Electricity - Consumption by other manuf., const. and non-fuel ind.","1993","Kilowatt-hours, million","5885",""
"Colombia","Electricity - Consumption by other manuf., const. and non-fuel ind.","1992","Kilowatt-hours, million","5169","1"
"Colombia","Electricity - Consumption by other manuf., const. and non-fuel ind.","1991","Kilowatt-hours, million","4490","1"
"Colombia","Electricity - Consumption by other manuf., const. and non-fuel ind.","1990","Kilowatt-hours, million","4312","1"
"Colombia","Electricity - Consumption by non-ferrous metals","2018","Kilowatt-hours, million","230",""
"Colombia","Electricity - Consumption by non-ferrous metals","2017","Kilowatt-hours, million","258",""
"Colombia","Electricity - Consumption by non-ferrous metals","2016","Kilowatt-hours, million","223",""
"Colombia","Electricity - Consumption by non-ferrous metals","2015","Kilowatt-hours, million","230",""
"Colombia","Electricity - Consumption by non-ferrous metals","2014","Kilowatt-hours, million","217",""
"Colombia","Electricity - Consumption by non-ferrous metals","2013","Kilowatt-hours, million","224",""
"Colombia","Electricity - Consumption by non-metallic minerals","2018","Kilowatt-hours, million","2038",""
"Colombia","Electricity - Consumption by non-metallic minerals","2017","Kilowatt-hours, million","1946",""
"Colombia","Electricity - Consumption by non-metallic minerals","2016","Kilowatt-hours, million","2043",""
"Colombia","Electricity - Consumption by non-metallic minerals","2015","Kilowatt-hours, million","2078",""
"Colombia","Electricity - Consumption by non-metallic minerals","2014","Kilowatt-hours, million","1941",""
"Colombia","Electricity - Consumption by non-metallic minerals","2013","Kilowatt-hours, million","1858",""
"Colombia","Electricity - Consumption by transport equipment","2018","Kilowatt-hours, million","115",""
"Colombia","Electricity - Consumption by transport equipment","2017","Kilowatt-hours, million","118",""
"Colombia","Electricity - Consumption by transport equipment","2016","Kilowatt-hours, million","133",""
"Colombia","Electricity - Consumption by transport equipment","2015","Kilowatt-hours, million","140",""
"Colombia","Electricity - Consumption by transport equipment","2014","Kilowatt-hours, million","137",""
"Colombia","Electricity - Consumption by transport equipment","2013","Kilowatt-hours, million","144",""
"Colombia","Electricity - Consumption by machinery","2018","Kilowatt-hours, million","257",""
"Colombia","Electricity - Consumption by machinery","2017","Kilowatt-hours, million","269",""
"Colombia","Electricity - Consumption by machinery","2016","Kilowatt-hours, million","271",""
"Colombia","Electricity - Consumption by machinery","2015","Kilowatt-hours, million","275",""
"Colombia","Electricity - Consumption by machinery","2014","Kilowatt-hours, million","280",""
"Colombia","Electricity - Consumption by machinery","2013","Kilowatt-hours, million","284",""
"Colombia","Electricity - Consumption by machinery","2012","Kilowatt-hours, million","752",""
"Colombia","Electricity - Consumption by machinery","2011","Kilowatt-hours, million","782",""
"Colombia","Electricity - Consumption by machinery","2010","Kilowatt-hours, million","701",""
"Colombia","Electricity - Consumption by machinery","2009","Kilowatt-hours, million","711",""
"Colombia","Electricity - Consumption by machinery","2008","Kilowatt-hours, million","701",""
"Colombia","Electricity - Consumption by machinery","2007","Kilowatt-hours, million","614",""
"Colombia","Electricity - Consumption by mining and quarrying","2018","Kilowatt-hours, million","5310",""
"Colombia","Electricity - Consumption by mining and quarrying","2017","Kilowatt-hours, million","4240",""
"Colombia","Electricity - Consumption by mining and quarrying","2016","Kilowatt-hours, million","4197",""
"Colombia","Electricity - Consumption by mining and quarrying","2015","Kilowatt-hours, million","4153",""
"Colombia","Electricity - Consumption by mining and quarrying","2014","Kilowatt-hours, million","3984",""
"Colombia","Electricity - Consumption by mining and quarrying","2013","Kilowatt-hours, million","3840",""
"Colombia","Electricity - Consumption by mining and quarrying","2012","Kilowatt-hours, million","1244",""
"Colombia","Electricity - Consumption by mining and quarrying","2011","Kilowatt-hours, million","1140",""
"Colombia","Electricity - Consumption by mining and quarrying","2010","Kilowatt-hours, million","970",""
"Colombia","Electricity - Consumption by mining and quarrying","2009","Kilowatt-hours, million","950",""
"Colombia","Electricity - Consumption by mining and quarrying","2008","Kilowatt-hours, million","736",""
"Colombia","Electricity - Consumption by food and tobacco","2018","Kilowatt-hours, million","3584",""
"Colombia","Electricity - Consumption by food and tobacco","2017","Kilowatt-hours, million","4044",""
"Colombia","Electricity - Consumption by food and tobacco","2016","Kilowatt-hours, million","3836",""
"Colombia","Electricity - Consumption by food and tobacco","2015","Kilowatt-hours, million","3557",""
"Colombia","Electricity - Consumption by food and tobacco","2014","Kilowatt-hours, million","3625",""
"Colombia","Electricity - Consumption by food and tobacco","2013","Kilowatt-hours, million","3269",""
"Colombia","Electricity - Consumption by food and tobacco","2012","Kilowatt-hours, million","7687",""
"Colombia","Electricity - Consumption by food and tobacco","2011","Kilowatt-hours, million","7549",""
"Colombia","Electricity - Consumption by food and tobacco","2010","Kilowatt-hours, million","6922",""
"Colombia","Electricity - Consumption by food and tobacco","2009","Kilowatt-hours, million","6706",""
"Colombia","Electricity - Consumption by food and tobacco","2008","Kilowatt-hours, million","6402",""
"Colombia","Electricity - Consumption by food and tobacco","2007","Kilowatt-hours, million","2560",""
"Colombia","Electricity - Consumption by paper, pulp and print","2018","Kilowatt-hours, million","1563",""
"Colombia","Electricity - Consumption by paper, pulp and print","2017","Kilowatt-hours, million","1320",""
"Colombia","Electricity - Consumption by paper, pulp and print","2016","Kilowatt-hours, million","1700",""
"Colombia","Electricity - Consumption by paper, pulp and print","2015","Kilowatt-hours, million","1699",""
"Colombia","Electricity - Consumption by paper, pulp and print","2014","Kilowatt-hours, million","1876",""
"Colombia","Electricity - Consumption by paper, pulp and print","2013","Kilowatt-hours, million","1673",""
"Colombia","Electricity - Consumption by paper, pulp and print","2012","Kilowatt-hours, million","2195",""
"Colombia","Electricity - Consumption by paper, pulp and print","2011","Kilowatt-hours, million","2218",""
"Colombia","Electricity - Consumption by paper, pulp and print","2010","Kilowatt-hours, million","1962",""
"Colombia","Electricity - Consumption by paper, pulp and print","2009","Kilowatt-hours, million","1939",""
"Colombia","Electricity - Consumption by paper, pulp and print","2008","Kilowatt-hours, million","1865",""
"Colombia","Electricity - Consumption by paper, pulp and print","2007","Kilowatt-hours, million","1158",""
"Colombia","Electricity - Consumption by wood and wood products","2018","Kilowatt-hours, million","112",""
"Colombia","Electricity - Consumption by wood and wood products","2017","Kilowatt-hours, million","160",""
"Colombia","Electricity - Consumption by wood and wood products","2016","Kilowatt-hours, million","137",""
"Colombia","Electricity - Consumption by wood and wood products","2015","Kilowatt-hours, million","120",""
"Colombia","Electricity - Consumption by wood and wood products","2014","Kilowatt-hours, million","90",""
"Colombia","Electricity - Consumption by wood and wood products","2013","Kilowatt-hours, million","82",""
"Colombia","Electricity - Consumption by wood and wood products","2012","Kilowatt-hours, million","98",""
"Colombia","Electricity - Consumption by wood and wood products","2011","Kilowatt-hours, million","105",""
"Colombia","Electricity - Consumption by wood and wood products","2010","Kilowatt-hours, million","96",""
"Colombia","Electricity - Consumption by wood and wood products","2009","Kilowatt-hours, million","100",""
"Colombia","Electricity - Consumption by wood and wood products","2008","Kilowatt-hours, million","100",""
"Colombia","Electricity - Consumption by wood and wood products","2007","Kilowatt-hours, million","199",""
"Colombia","Electricity - Consumption by construction","2018","Kilowatt-hours, million","96",""
"Colombia","Electricity - Consumption by construction","2017","Kilowatt-hours, million","167",""
"Colombia","Electricity - Consumption by construction","2016","Kilowatt-hours, million","105",""
"Colombia","Electricity - Consumption by construction","2015","Kilowatt-hours, million","93",""
"Colombia","Electricity - Consumption by construction","2014","Kilowatt-hours, million","72",""
"Colombia","Electricity - Consumption by construction","2013","Kilowatt-hours, million","66",""
"Colombia","Electricity - Consumption by construction","2012","Kilowatt-hours, million","45",""
"Colombia","Electricity - Consumption by construction","2011","Kilowatt-hours, million","35",""
"Colombia","Electricity - Consumption by construction","2010","Kilowatt-hours, million","34",""
"Colombia","Electricity - Consumption by construction","2009","Kilowatt-hours, million","33",""
"Colombia","Electricity - Consumption by construction","2008","Kilowatt-hours, million","30",""
"Colombia","Electricity - Consumption by textile and leather","2018","Kilowatt-hours, million","923",""
"Colombia","Electricity - Consumption by textile and leather","2017","Kilowatt-hours, million","957",""
"Colombia","Electricity - Consumption by textile and leather","2016","Kilowatt-hours, million","995",""
"Colombia","Electricity - Consumption by textile and leather","2015","Kilowatt-hours, million","1020",""
"Colombia","Electricity - Consumption by textile and leather","2014","Kilowatt-hours, million","1028",""
"Colombia","Electricity - Consumption by textile and leather","2013","Kilowatt-hours, million","1054",""
"Colombia","Electricity - Consumption by textile and leather","2012","Kilowatt-hours, million","1552",""
"Colombia","Electricity - Consumption by textile and leather","2011","Kilowatt-hours, million","1619",""
"Colombia","Electricity - Consumption by textile and leather","2010","Kilowatt-hours, million","1488",""
"Colombia","Electricity - Consumption by textile and leather","2009","Kilowatt-hours, million","1519",""
"Colombia","Electricity - Consumption by textile and leather","2008","Kilowatt-hours, million","1511",""
"Colombia","Electricity - Consumption by textile and leather","2007","Kilowatt-hours, million","2098",""
"Colombia","Electricity - Consumption not elsewhere specified (industry)","2018","Kilowatt-hours, million","346",""
"Colombia","Electricity - Consumption not elsewhere specified (industry)","2017","Kilowatt-hours, million","243",""
"Colombia","Electricity - Consumption not elsewhere specified (industry)","2016","Kilowatt-hours, million","248",""
"Colombia","Electricity - Consumption not elsewhere specified (industry)","2015","Kilowatt-hours, million","248",""
"Colombia","Electricity - Consumption not elsewhere specified (industry)","2014","Kilowatt-hours, million","310",""
"Colombia","Electricity - Consumption not elsewhere specified (industry)","2013","Kilowatt-hours, million","231",""
"Colombia","Electricity - Consumption not elsewhere specified (industry)","2012","Kilowatt-hours, million","1533",""
"Colombia","Electricity - Consumption not elsewhere specified (industry)","2011","Kilowatt-hours, million","1717",""
"Colombia","Electricity - Consumption not elsewhere specified (industry)","2010","Kilowatt-hours, million","1541",""
"Colombia","Electricity - Consumption not elsewhere specified (industry)","2009","Kilowatt-hours, million","1561",""
"Colombia","Electricity - Consumption not elsewhere specified (industry)","2008","Kilowatt-hours, million","1702",""
"Colombia","Electricity - Consumption not elsewhere specified (industry)","2007","Kilowatt-hours, million","2392",""
"Colombia","Electricity - Consumption not elsewhere specified (industry)","2006","Kilowatt-hours, million","8683",""
"Colombia","Electricity - Consumption not elsewhere specified (industry)","2005","Kilowatt-hours, million","8284.53",""
"Colombia","Electricity - Consumption not elsewhere specified (industry)","2004","Kilowatt-hours, million","8119",""
"Colombia","Electricity - Consumption not elsewhere specified (industry)","2003","Kilowatt-hours, million","7856",""
"Colombia","Electricity - Consumption not elsewhere specified (industry)","2002","Kilowatt-hours, million","7532",""
"Colombia","Electricity - Consumption not elsewhere specified (industry)","2001","Kilowatt-hours, million","7408",""
"Colombia","Electricity - Consumption not elsewhere specified (industry)","2000","Kilowatt-hours, million","7524",""
"Colombia","Electricity - Consumption not elsewhere specified (industry)","1999","Kilowatt-hours, million","6540",""
"Colombia","Electricity - Consumption not elsewhere specified (industry)","1998","Kilowatt-hours, million","7898",""
"Colombia","Electricity - Consumption not elsewhere specified (industry)","1997","Kilowatt-hours, million","7428",""
"Colombia","Electricity - Consumption not elsewhere specified (industry)","1996","Kilowatt-hours, million","6866",""
"Colombia","Electricity - Consumption not elsewhere specified (industry)","1995","Kilowatt-hours, million","6725",""
"Colombia","Electricity - Consumption not elsewhere specified (industry)","1994","Kilowatt-hours, million","6445",""
"Colombia","Electricity - Consumption not elsewhere specified (industry)","1993","Kilowatt-hours, million","5885","1"
"Colombia","Electricity - Consumption not elsewhere specified (industry)","1992","Kilowatt-hours, million","5169","1"
"Colombia","Electricity - Consumption not elsewhere specified (industry)","1991","Kilowatt-hours, million","4490","1"
"Colombia","Electricity - Consumption not elsewhere specified (industry)","1990","Kilowatt-hours, million","4312","1"
"Colombia","Electricity - Consumption by transport","2018","Kilowatt-hours, million","104",""
"Colombia","Electricity - Consumption by transport","2017","Kilowatt-hours, million","97",""
"Colombia","Electricity - Consumption by transport","2016","Kilowatt-hours, million","96",""
"Colombia","Electricity - Consumption by transport","2015","Kilowatt-hours, million","91",""
"Colombia","Electricity - Consumption by transport","2014","Kilowatt-hours, million","85",""
"Colombia","Electricity - Consumption by transport","2013","Kilowatt-hours, million","82",""
"Colombia","Electricity - Consumption by transport","2012","Kilowatt-hours, million","65",""
"Colombia","Electricity - Consumption by transport","2011","Kilowatt-hours, million","63",""
"Colombia","Electricity - Consumption by transport","2010","Kilowatt-hours, million","62",""
"Colombia","Electricity - Consumption by transport","2009","Kilowatt-hours, million","60",""
"Colombia","Electricity - Consumption by transport","2008","Kilowatt-hours, million","58",""
"Colombia","Electricity - Consumption by transport","2007","Kilowatt-hours, million","57",""
"Colombia","Electricity - Consumption by transport","2006","Kilowatt-hours, million","57",""
"Colombia","Electricity - Consumption by transport","2005","Kilowatt-hours, million","55.2",""
"Colombia","Electricity - Consumption by transport","2004","Kilowatt-hours, million","43",""
"Colombia","Electricity - Consumption by transport","2003","Kilowatt-hours, million","43",""
"Colombia","Electricity - Consumption by transport","2002","Kilowatt-hours, million","42",""
"Colombia","Electricity - Consumption by transport","2001","Kilowatt-hours, million","43",""
"Colombia","Electricity - Consumption by transport","2000","Kilowatt-hours, million","45",""
"Colombia","Electricity - Consumption by transport","1999","Kilowatt-hours, million","46",""
"Colombia","Electricity - Consumption by transport","1998","Kilowatt-hours, million","46",""
"Colombia","Electricity - Consumption by transport","1997","Kilowatt-hours, million","43",""
"Colombia","Electricity - Consumption by transport","1996","Kilowatt-hours, million","0",""
"Colombia","Electricity - Consumption by transport","1995","Kilowatt-hours, million","0",""
"Colombia","Electricity - Consumption by transport","1994","Kilowatt-hours, million","0",""
"Colombia","Electricity - Consumption by transport","1993","Kilowatt-hours, million","0",""
"Colombia","Electricity - Consumption by transport","1992","Kilowatt-hours, million","0",""
"Colombia","Electricity - Consumption by transport","1991","Kilowatt-hours, million","0",""
"Colombia","Electricity - Consumption by transport","1990","Kilowatt-hours, million","4",""
"Colombia","Electricity - Consumption by rail","2018","Kilowatt-hours, million","104",""
"Colombia","Electricity - Consumption by rail","2017","Kilowatt-hours, million","97",""
"Colombia","Electricity - Consumption by rail","2016","Kilowatt-hours, million","96",""
"Colombia","Electricity - Consumption by rail","2015","Kilowatt-hours, million","91",""
"Colombia","Electricity - Consumption by rail","2014","Kilowatt-hours, million","85",""
"Colombia","Electricity - Consumption by rail","2013","Kilowatt-hours, million","82",""
"Colombia","Electricity - Consumption by rail","2012","Kilowatt-hours, million","65",""
"Colombia","Electricity - Consumption by rail","2011","Kilowatt-hours, million","63",""
"Colombia","Electricity - Consumption by rail","2010","Kilowatt-hours, million","62",""
"Colombia","Electricity - Consumption by rail","2009","Kilowatt-hours, million","60",""
"Colombia","Electricity - Consumption by rail","2008","Kilowatt-hours, million","58",""
"Colombia","Electricity - Consumption by rail","2007","Kilowatt-hours, million","57",""
"Colombia","Electricity - Consumption by rail","2006","Kilowatt-hours, million","57",""
"Colombia","Electricity - Consumption by rail","2005","Kilowatt-hours, million","55.2",""
"Colombia","Electricity - Consumption by rail","2004","Kilowatt-hours, million","43",""
"Colombia","Electricity - Consumption by rail","2003","Kilowatt-hours, million","43",""
"Colombia","Electricity - Consumption by rail","2002","Kilowatt-hours, million","42",""
"Colombia","Electricity - Consumption by rail","2001","Kilowatt-hours, million","43",""
"Colombia","Electricity - Consumption by rail","2000","Kilowatt-hours, million","45",""
"Colombia","Electricity - Consumption by rail","1999","Kilowatt-hours, million","46",""
"Colombia","Electricity - Consumption by rail","1998","Kilowatt-hours, million","46",""
"Colombia","Electricity - Consumption by rail","1997","Kilowatt-hours, million","43",""
"Colombia","Electricity - Consumption by rail","1996","Kilowatt-hours, million","0",""
"Colombia","Electricity - Consumption by rail","1995","Kilowatt-hours, million","0",""
"Colombia","Electricity - Consumption by rail","1994","Kilowatt-hours, million","0",""
"Colombia","Electricity - Consumption by rail","1993","Kilowatt-hours, million","0",""
"Colombia","Electricity - Consumption by rail","1992","Kilowatt-hours, million","0",""
"Colombia","Electricity - Consumption by rail","1991","Kilowatt-hours, million","0",""
"Colombia","Electricity - Consumption by rail","1990","Kilowatt-hours, million","4",""
"Colombia","Electricity - Consumption by other","2018","Kilowatt-hours, million","41780",""
"Colombia","Electricity - Consumption by other","2017","Kilowatt-hours, million","41845",""
"Colombia","Electricity - Consumption by other","2016","Kilowatt-hours, million","41121",""
"Colombia","Electricity - Consumption by other","2015","Kilowatt-hours, million","40912",""
"Colombia","Electricity - Consumption by other","2014","Kilowatt-hours, million","39578",""
"Colombia","Electricity - Consumption by other","2013","Kilowatt-hours, million","37625",""
"Colombia","Electricity - Consumption by other","2012","Kilowatt-hours, million","36594",""
"Colombia","Electricity - Consumption by other","2011","Kilowatt-hours, million","34949",""
"Colombia","Electricity - Consumption by other","2010","Kilowatt-hours, million","34203",""
"Colombia","Electricity - Consumption by other","2009","Kilowatt-hours, million","33159",""
"Colombia","Electricity - Consumption by other","2008","Kilowatt-hours, million","30344",""
"Colombia","Electricity - Consumption by other","2007","Kilowatt-hours, million","28403",""
"Colombia","Electricity - Consumption by other","2006","Kilowatt-hours, million","27382",""
"Colombia","Electricity - Consumption by other","2005","Kilowatt-hours, million","26312.03",""
"Colombia","Electricity - Consumption by other","2004","Kilowatt-hours, million","26223",""
"Colombia","Electricity - Consumption by other","2003","Kilowatt-hours, million","24571",""
"Colombia","Electricity - Consumption by other","2002","Kilowatt-hours, million","24255",""
"Colombia","Electricity - Consumption by other","2001","Kilowatt-hours, million","23904",""
"Colombia","Electricity - Consumption by other","2000","Kilowatt-hours, million","21872",""
"Colombia","Electricity - Consumption by other","1999","Kilowatt-hours, million","22107",""
"Colombia","Electricity - Consumption by other","1998","Kilowatt-hours, million","22470",""
"Colombia","Electricity - Consumption by other","1997","Kilowatt-hours, million","23994",""
"Colombia","Electricity - Consumption by other","1996","Kilowatt-hours, million","23078",""
"Colombia","Electricity - Consumption by other","1995","Kilowatt-hours, million","25040",""
"Colombia","Electricity - Consumption by other","1994","Kilowatt-hours, million","23874",""
"Colombia","Electricity - Consumption by other","1993","Kilowatt-hours, million","23071",""
"Colombia","Electricity - Consumption by other","1992","Kilowatt-hours, million","21372",""
"Colombia","Electricity - Consumption by other","1991","Kilowatt-hours, million","19174",""
"Colombia","Electricity - Consumption by other","1990","Kilowatt-hours, million","18418",""
"Colombia","Electricity - Consumption by households","2018","Kilowatt-hours, million","24690",""
"Colombia","Electricity - Consumption by households","2017","Kilowatt-hours, million","23180",""
"Colombia","Electricity - Consumption by households","2016","Kilowatt-hours, million","22690",""
"Colombia","Electricity - Consumption by households","2015","Kilowatt-hours, million","22377",""
"Colombia","Electricity - Consumption by households","2014","Kilowatt-hours, million","21732",""
"Colombia","Electricity - Consumption by households","2013","Kilowatt-hours, million","20837",""
"Colombia","Electricity - Consumption by households","2012","Kilowatt-hours, million","22232",""
"Colombia","Electricity - Consumption by households","2011","Kilowatt-hours, million","21367",""
"Colombia","Electricity - Consumption by households","2010","Kilowatt-hours, million","20888",""
"Colombia","Electricity - Consumption by households","2009","Kilowatt-hours, million","20232",""
"Colombia","Electricity - Consumption by households","2008","Kilowatt-hours, million","19397",""
"Colombia","Electricity - Consumption by households","2007","Kilowatt-hours, million","17618",""
"Colombia","Electricity - Consumption by households","2006","Kilowatt-hours, million","16904",""
"Colombia","Electricity - Consumption by households","2005","Kilowatt-hours, million","16254.29",""
"Colombia","Electricity - Consumption by households","2004","Kilowatt-hours, million","15792",""
"Colombia","Electricity - Consumption by households","2003","Kilowatt-hours, million","15162",""
"Colombia","Electricity - Consumption by households","2002","Kilowatt-hours, million","14402",""
"Colombia","Electricity - Consumption by households","2001","Kilowatt-hours, million","14470",""
"Colombia","Electricity - Consumption by households","2000","Kilowatt-hours, million","11130",""
"Colombia","Electricity - Consumption by households","1999","Kilowatt-hours, million","11593",""
"Colombia","Electricity - Consumption by households","1998","Kilowatt-hours, million","12097",""
"Colombia","Electricity - Consumption by households","1997","Kilowatt-hours, million","14675",""
"Colombia","Electricity - Consumption by households","1996","Kilowatt-hours, million","14746",""
"Colombia","Electricity - Consumption by households","1995","Kilowatt-hours, million","14628",""
"Colombia","Electricity - Consumption by households","1994","Kilowatt-hours, million","14093",""
"Colombia","Electricity - Consumption by households","1993","Kilowatt-hours, million","13213",""
"Colombia","Electricity - Consumption by households","1992","Kilowatt-hours, million","11982",""
"Colombia","Electricity - Consumption by households","1991","Kilowatt-hours, million","12848",""
"Colombia","Electricity - Consumption by households","1990","Kilowatt-hours, million","12566",""
"Colombia","Electricity - Consumption in agriculture, forestry and fishing","2018","Kilowatt-hours, million","773",""
"Colombia","Electricity - Consumption in agriculture, forestry and fishing","2017","Kilowatt-hours, million","621",""
"Colombia","Electricity - Consumption in agriculture, forestry and fishing","2016","Kilowatt-hours, million","597",""
"Colombia","Electricity - Consumption in agriculture, forestry and fishing","2015","Kilowatt-hours, million","589",""
"Colombia","Electricity - Consumption in agriculture, forestry and fishing","2014","Kilowatt-hours, million","548",""
"Colombia","Electricity - Consumption in agriculture, forestry and fishing","2013","Kilowatt-hours, million","550",""
"Colombia","Electricity - Consumption in agriculture, forestry and fishing","2012","Kilowatt-hours, million","2123",""
"Colombia","Electricity - Consumption in agriculture, forestry and fishing","2011","Kilowatt-hours, million","1800",""
"Colombia","Electricity - Consumption in agriculture, forestry and fishing","2010","Kilowatt-hours, million","1764",""
"Colombia","Electricity - Consumption in agriculture, forestry and fishing","2009","Kilowatt-hours, million","1713",""
"Colombia","Electricity - Consumption in agriculture, forestry and fishing","2008","Kilowatt-hours, million","894",""
"Colombia","Electricity - Consumption in agriculture, forestry and fishing","2007","Kilowatt-hours, million","905",""
"Colombia","Electricity - Consumption in agriculture, forestry and fishing","2006","Kilowatt-hours, million","886",""
"Colombia","Electricity - Consumption in agriculture, forestry and fishing","2005","Kilowatt-hours, million","879",""
"Colombia","Electricity - Consumption in agriculture, forestry and fishing","2004","Kilowatt-hours, million","1299",""
"Colombia","Electricity - Consumption in agriculture, forestry and fishing","2003","Kilowatt-hours, million","935",""
"Colombia","Electricity - Consumption in agriculture, forestry and fishing","2002","Kilowatt-hours, million","1302",""
"Colombia","Electricity - Consumption in agriculture, forestry and fishing","2001","Kilowatt-hours, million","1290",""
"Colombia","Electricity - Consumption in agriculture, forestry and fishing","2000","Kilowatt-hours, million","1290",""
"Colombia","Electricity - Consumption in agriculture, forestry and fishing","1999","Kilowatt-hours, million","1010",""
"Colombia","Electricity - Consumption in agriculture, forestry and fishing","1998","Kilowatt-hours, million","1960",""
"Colombia","Electricity - Consumption in agriculture, forestry and fishing","1997","Kilowatt-hours, million","1220",""
"Colombia","Electricity - Consumption in agriculture, forestry and fishing","1996","Kilowatt-hours, million","1290",""
"Colombia","Electricity - Consumption in agriculture, forestry and fishing","1995","Kilowatt-hours, million","400","1"
"Colombia","Electricity - Consumption in agriculture, forestry and fishing","1994","Kilowatt-hours, million","350","1"
"Colombia","Electricity - Consumption in agriculture, forestry and fishing","1993","Kilowatt-hours, million","343",""
"Colombia","Electricity - Consumption in agriculture, forestry and fishing","1992","Kilowatt-hours, million","60","1"
"Colombia","Electricity - Consumption in agriculture, forestry and fishing","1991","Kilowatt-hours, million","58",""
"Colombia","Electricity - Consumption in agriculture, forestry and fishing","1990","Kilowatt-hours, million","60","1"
"Colombia","Electricity - Consumption not elsewhere specified (other)","2018","Kilowatt-hours, million","3022",""
"Colombia","Electricity - Consumption not elsewhere specified (other)","2017","Kilowatt-hours, million","2149",""
"Colombia","Electricity - Consumption not elsewhere specified (other)","2016","Kilowatt-hours, million","4617",""
"Colombia","Electricity - Consumption not elsewhere specified (other)","2015","Kilowatt-hours, million","4882",""
"Colombia","Electricity - Consumption not elsewhere specified (other)","2014","Kilowatt-hours, million","4473",""
"Colombia","Electricity - Consumption not elsewhere specified (other)","2013","Kilowatt-hours, million","3882",""
"Colombia","Electricity - Consumption not elsewhere specified (other)","2012","Kilowatt-hours, million","108",""
"Colombia","Electricity - Consumption not elsewhere specified (other)","2011","Kilowatt-hours, million","104",""
"Colombia","Electricity - Consumption not elsewhere specified (other)","2010","Kilowatt-hours, million","102",""
"Colombia","Electricity - Consumption not elsewhere specified (other)","2009","Kilowatt-hours, million","99",""
"Colombia","Electricity - Consumption not elsewhere specified (other)","2008","Kilowatt-hours, million","0",""
"Colombia","Electricity - Consumption not elsewhere specified (other)","2007","Kilowatt-hours, million","9880",""
"Colombia","Electricity - Consumption not elsewhere specified (other)","2006","Kilowatt-hours, million","9592",""
"Colombia","Electricity - Consumption not elsewhere specified (other)","2005","Kilowatt-hours, million","9178.74",""
"Colombia","Electricity - Consumption not elsewhere specified (other)","2004","Kilowatt-hours, million","9132",""
"Colombia","Electricity - Consumption not elsewhere specified (other)","2003","Kilowatt-hours, million","8474",""
"Colombia","Electricity - Consumption not elsewhere specified (other)","2002","Kilowatt-hours, million","8551",""
"Colombia","Electricity - Consumption not elsewhere specified (other)","2001","Kilowatt-hours, million","8144",""
"Colombia","Electricity - Consumption not elsewhere specified (other)","2000","Kilowatt-hours, million","9452",""
"Colombia","Electricity - Consumption not elsewhere specified (other)","1999","Kilowatt-hours, million","9504",""
"Colombia","Electricity - Consumption not elsewhere specified (other)","1998","Kilowatt-hours, million","8413",""
"Colombia","Electricity - Consumption not elsewhere specified (other)","1997","Kilowatt-hours, million","8099",""
"Colombia","Electricity - Consumption not elsewhere specified (other)","1996","Kilowatt-hours, million","7042",""
"Colombia","Electricity - Consumption not elsewhere specified (other)","1995","Kilowatt-hours, million","10012",""
"Colombia","Electricity - Consumption not elsewhere specified (other)","1994","Kilowatt-hours, million","9431",""
"Colombia","Electricity - Consumption not elsewhere specified (other)","1993","Kilowatt-hours, million","9515",""
"Colombia","Electricity - Consumption not elsewhere specified (other)","1992","Kilowatt-hours, million","9330",""
"Colombia","Electricity - Consumption not elsewhere specified (other)","1991","Kilowatt-hours, million","6268","1"
"Colombia","Electricity - Consumption not elsewhere specified (other)","1990","Kilowatt-hours, million","5792","1"
"Colombia","Electricity - Consumption by commercial and public services","2018","Kilowatt-hours, million","13295",""
"Colombia","Electricity - Consumption by commercial and public services","2017","Kilowatt-hours, million","15895",""
"Colombia","Electricity - Consumption by commercial and public services","2016","Kilowatt-hours, million","13217",""
"Colombia","Electricity - Consumption by commercial and public services","2015","Kilowatt-hours, million","13064",""
"Colombia","Electricity - Consumption by commercial and public services","2014","Kilowatt-hours, million","12825",""
"Colombia","Electricity - Consumption by commercial and public services","2013","Kilowatt-hours, million","12356",""
"Colombia","Electricity - Consumption by commercial and public services","2012","Kilowatt-hours, million","12131",""
"Colombia","Electricity - Consumption by commercial and public services","2011","Kilowatt-hours, million","11678",""
"Colombia","Electricity - Consumption by commercial and public services","2010","Kilowatt-hours, million","11449",""
"Colombia","Electricity - Consumption by commercial and public services","2009","Kilowatt-hours, million","11115",""
"Colombia","Electricity - Consumption by commercial and public services","2008","Kilowatt-hours, million","10053",""
"Colombia","Electricity - total production, main activity","2018","Kilowatt-hours, million","69709",""
"Colombia","Electricity - total production, main activity","2017","Kilowatt-hours, million","69939",""
"Colombia","Electricity - total production, main activity","2016","Kilowatt-hours, million","67510",""
"Colombia","Electricity - total production, main activity","2015","Kilowatt-hours, million","69695",""
"Colombia","Electricity - total production, main activity","2014","Kilowatt-hours, million","63465",""
"Colombia","Electricity - total production, main activity","2013","Kilowatt-hours, million","67338",""
"Colombia","Electricity - total production, main activity","2012","Kilowatt-hours, million","64554",""
"Colombia","Electricity - total production, main activity","2011","Kilowatt-hours, million","62881",""
"Colombia","Electricity - total production, main activity","2010","Kilowatt-hours, million","56794",""
"Colombia","Electricity - total production, main activity","2009","Kilowatt-hours, million","59357",""
"Colombia","Electricity - total production, main activity","2008","Kilowatt-hours, million","58153",""
"Colombia","Electricity - total production, main activity","2007","Kilowatt-hours, million","53374",""
"Colombia","Electricity - total production, main activity","2006","Kilowatt-hours, million","52129",""
"Colombia","Electricity - total production, main activity","2005","Kilowatt-hours, million","48904.59",""
"Colombia","Electricity - total production, main activity","2004","Kilowatt-hours, million","48508",""
"Colombia","Electricity - total production, main activity","2003","Kilowatt-hours, million","45354",""
"Colombia","Electricity - total production, main activity","2002","Kilowatt-hours, million","43258",""
"Colombia","Electricity - total production, main activity","2001","Kilowatt-hours, million","41703",""
"Colombia","Electricity - total production, main activity","2000","Kilowatt-hours, million","41963",""
"Colombia","Electricity - total production, main activity","1999","Kilowatt-hours, million","42177",""
"Colombia","Electricity - total production, main activity","1998","Kilowatt-hours, million","43946",""
"Colombia","Electricity - total production, main activity","1997","Kilowatt-hours, million","44113",""
"Colombia","Electricity - total production, main activity","1996","Kilowatt-hours, million","42638",""
"Colombia","Electricity - total production, main activity","1995","Kilowatt-hours, million","41698",""
"Colombia","Electricity - total production, main activity","1994","Kilowatt-hours, million","39490",""
"Colombia","Electricity - total production, main activity","1993","Kilowatt-hours, million","36626",""
"Colombia","Electricity - total production, main activity","1992","Kilowatt-hours, million","31239",""
"Colombia","Electricity - total production, main activity","1991","Kilowatt-hours, million","35191","1"
"Colombia","Electricity - total production, main activity","1990","Kilowatt-hours, million","33688",""
"Colombia","Electricity - Gross demand","2018","Kilowatt-hours, million","77950",""
"Colombia","Electricity - Gross demand","2017","Kilowatt-hours, million","77303",""
"Colombia","Electricity - Gross demand","2016","Kilowatt-hours, million","75106",""
"Colombia","Electricity - Gross demand","2015","Kilowatt-hours, million","76135",""
"Colombia","Electricity - Gross demand","2014","Kilowatt-hours, million","68293",""
"Colombia","Electricity - Gross demand","2013","Kilowatt-hours, million","70741",""
"Colombia","Electricity - Gross demand","2012","Kilowatt-hours, million","65794",""
"Colombia","Electricity - Gross demand","2011","Kilowatt-hours, million","63138",""
"Colombia","Electricity - Gross demand","2010","Kilowatt-hours, million","57699",""
"Colombia","Electricity - Gross demand","2009","Kilowatt-hours, million","59801",""
"Colombia","Electricity - Gross demand","2008","Kilowatt-hours, million","58947",""
"Colombia","Electricity - Gross demand","2007","Kilowatt-hours, million","53242",""
"Colombia","Electricity - Gross demand","2006","Kilowatt-hours, million","51014",""
"Colombia","Electricity - Gross demand","2005","Kilowatt-hours, million","47687.83",""
"Colombia","Electricity - Gross demand","2004","Kilowatt-hours, million","47624",""
"Colombia","Electricity - Gross demand","2003","Kilowatt-hours, million","45776",""
"Colombia","Electricity - Gross demand","2002","Kilowatt-hours, million","43758",""
"Colombia","Electricity - Gross demand","2001","Kilowatt-hours, million","42673",""
"Colombia","Electricity - Gross demand","2000","Kilowatt-hours, million","43232",""
"Colombia","Electricity - Gross demand","1999","Kilowatt-hours, million","43405",""
"Colombia","Electricity - Gross demand","1998","Kilowatt-hours, million","45102",""
"Colombia","Electricity - Gross demand","1997","Kilowatt-hours, million","45809",""
"Colombia","Electricity - Gross demand","1996","Kilowatt-hours, million","44327",""
"Colombia","Electricity - Gross demand","1995","Kilowatt-hours, million","44768",""
"Colombia","Electricity - Gross demand","1994","Kilowatt-hours, million","42615",""
"Colombia","Electricity - Gross demand","1993","Kilowatt-hours, million","39726",""
"Colombia","Electricity - Gross demand","1992","Kilowatt-hours, million","34575",""
"Colombia","Electricity - Gross demand","1991","Kilowatt-hours, million","35194",""
"Colombia","Electricity - Gross demand","1990","Kilowatt-hours, million","34995",""
"Colombia","Electricity - total production, autoproducer","2018","Kilowatt-hours, million","10255",""
"Colombia","Electricity - total production, autoproducer","2017","Kilowatt-hours, million","9340",""
"Colombia","Electricity - total production, autoproducer","2016","Kilowatt-hours, million","9290",""
"Colombia","Electricity - total production, autoproducer","2015","Kilowatt-hours, million","8901",""
"Colombia","Electricity - total production, autoproducer","2014","Kilowatt-hours, million","7607",""
"Colombia","Electricity - total production, autoproducer","2013","Kilowatt-hours, million","6663",""
"Colombia","Electricity - total production, autoproducer","2012","Kilowatt-hours, million","3790",""
"Colombia","Electricity - total production, autoproducer","2011","Kilowatt-hours, million","3591",""
"Colombia","Electricity - total production, autoproducer","2010","Kilowatt-hours, million","3440",""
"Colombia","Electricity - total production, autoproducer","2009","Kilowatt-hours, million","3217",""
"Colombia","Electricity - total production, autoproducer","2008","Kilowatt-hours, million","3039",""
"Colombia","Electricity - total production, autoproducer","2007","Kilowatt-hours, million","1940",""
"Colombia","Electricity - total production, autoproducer","2006","Kilowatt-hours, million","1723",""
"Colombia","Electricity - total production, autoproducer","2005","Kilowatt-hours, million","1507",""
"Colombia","Electricity - total production, autoproducer","2004","Kilowatt-hours, million","1720",""
"Colombia","Electricity - total production, autoproducer","2003","Kilowatt-hours, million","2328",""
"Colombia","Electricity - total production, autoproducer","2002","Kilowatt-hours, million","1984","1"
"Colombia","Electricity - total production, autoproducer","2001","Kilowatt-hours, million","1981","1"
"Colombia","Electricity - total production, autoproducer","2000","Kilowatt-hours, million","1980",""
"Colombia","Electricity - total production, autoproducer","1999","Kilowatt-hours, million","1962",""
"Colombia","Electricity - total production, autoproducer","1998","Kilowatt-hours, million","2014",""
"Colombia","Electricity - total production, autoproducer","1997","Kilowatt-hours, million","2265",""
"Colombia","Electricity - total production, autoproducer","1996","Kilowatt-hours, million","2228",""
"Colombia","Electricity - total production, autoproducer","1995","Kilowatt-hours, million","3548",""
"Colombia","Electricity - total production, autoproducer","1994","Kilowatt-hours, million","3550",""
"Colombia","Electricity - total production, autoproducer","1993","Kilowatt-hours, million","3595",""
"Colombia","Electricity - total production, autoproducer","1992","Kilowatt-hours, million","3825",""
"Colombia","Electricity - total production, autoproducer","1991","Kilowatt-hours, million","1470",""
"Colombia","Electricity - total production, autoproducer","1990","Kilowatt-hours, million","2478",""
